Seed,OffsetX,OffsetY,Height,Meadows,BlackForest,Swamp,Plains,Mistlands
00aqnX5GPw,6937,5331,1477,1477,2965,6937,5331,-7401
034y41u8ms,-3383,-600,-9491,-9491,802,-3383,-600,-2979
0ABqGIWKmZ,6152,8264,4021,4021,5574,6152,8264,4840
0YEcvUSWnm,-5315,9444,-870,-870,371,-5315,9444,-437
0bxkEElLeF,-7352,-2956,2003,2003,6181,-7352,-2956,-9251
0fVirZRm0d,-4496,-7928,-9331,-9331,-7260,-4496,-7928,5159
0wA2PStJio,6508,9177,9059,9059,-7508,6508,9177,3584
13IAIG5Ha2,-2484,3963,1299,1299,7906,-2484,3963,4937
1AcqnWF6YF,-2358,-9633,-250,-250,-5581,-2358,-9633,-6370
1QpwLtRxW0,6273,4965,9454,9454,-3564,6273,4965,986
1i4MWu8KsP,-5713,5578,6933,6933,-2748,-5713,5578,-6933
21Ew0KmzTs,-302,-6,-49,-49,-3002,-302,-6,-853
24aPGZbKqt,-3038,2043,598,598,-4453,-3038,2043,-2468
26aIYeTtbY,1349,-9316,9613,9613,-3211,1349,-9316,9449
2bHP7swErB,-6551,-1603,8102,8102,-8274,-6551,-1603,4777
2q3FV3ngYp,-8988,-5218,3661,3661,-2273,-8988,-5218,428
2rSGjB864Z,-481,1693,8608,8608,-8397,-481,1693,8703
3IGpGqduPk,7345,-2019,8469,8469,143,7345,-2019,-8560
3XtOGGakxS,-141,-447,9808,9808,8267,-141,-447,-3509
3jNsvPw4Pw,-1508,7591,-2876,-2876,-7799,-1508,7591,5904
3t1Usugew4,-9999,-5234,-4672,-4672,5556,-9999,-5234,-7766
4YLvlvoOCu,-9023,1143,-6693,-6693,3844,-9023,1143,-2161
4ySTkXwFIS,-9577,-7461,5296,5296,4728,-9577,-7461,2355
5EQWEVU4Rf,-5810,-1428,2309,2309,-4090,-5810,-1428,-8227
5jdrjin44L,7958,-3212,7409,7409,5492,7958,-3212,7505
5mYQTZOtYt,6036,-2225,-7420,-7420,554,6036,-2225,-2350
5xCXYYa2qo,1263,-1067,-8024,-8024,8928,1263,-1067,-9676
625SPXkpLY,-3666,-2140,-5211,-5211,9233,-3666,-2140,-4740
6QqTNVos4b,-522,-4553,6553,6553,3452,-522,-4553,7603
7AVGfWlDxQ,8167,563,3216,3216,6009,8167,563,-3939
7HCxkaILyx,-3538,-7012,-245,-245,2321,-3538,-7012,-6363
7aUGwHEdAY,8036,2189,-7368,-7368,-3314,8036,2189,8410
82G6OPt9pB,-4048,-8798,3472,3472,-5884,-4048,-8798,6080
93DLaL6NWi,337,3017,-6958,-6958,1036,337,3017,4827
A2CV5iRpCz,-2730,-8519,-5822,-5822,-5214,-2730,-8519,-3373
A4k1io4R92,2577,3303,-286,-286,7827,2577,3303,3413
AR70cVCePe,2304,7878,-1897,-1897,-3062,2304,7878,7953
AXfMEvxINg,3363,-5523,4678,4678,8696,3363,-5523,9319
AeQrlFPnR3,6968,4452,-7593,-7593,4033,6968,4452,-5426
AiJ9vda61f,-3934,-8060,-7027,-7027,-1527,-3934,-8060,3102
Al0T25KFft,7740,1731,-139,-139,-5800,7740,1731,7933
Ax9O1r9VnV,7741,-2909,8151,8151,5146,7741,-2909,-2034
BJEOea3ymv,-4772,9083,-5820,-5820,-1775,-4772,9083,661
BMHp0zRJjx,1980,-582,3657,3657,-453,1980,-582,-5948
BSYvsKGDIS,2024,-196,-8531,-8531,-9829,2024,-196,1487
CIJPINs9zx,-683,4937,935,935,-5765,-683,4937,-8300
CODQTSisFh,-8948,5133,-8847,-8847,1767,-8948,5133,-4799
CRwXhRmghX,-2825,-7513,-7339,-7339,5128,-2825,-7513,9454
CX84z2VEtY,2278,8180,-9695,-9695,9100,2278,8180,-58
CqeJhqsD1B,-2678,7697,8815,8815,8405,-2678,7697,5423
CtStYz9lOG,2742,-5440,3868,3868,2157,2742,-5440,6142
CvIvYCubCQ,-4064,-7673,6965,6965,-6114,-4064,-7673,-9720
DN04Q7scO1,2566,8575,2606,2606,-305,2566,8575,-7532
DbnBjdZNgV,-1530,-7802,-3037,-3037,6597,-1530,-7802,-7630
E313WIvLyM,-1272,-9032,-9952,-9952,-958,-1272,-9032,3833
EMQZwh5JiP,846,-6254,6130,6130,9141,846,-6254,-247
FNc8vsJMNv,5867,-7272,-2130,-2130,-9838,5867,-7272,1032
FQcjaANWC2,-3317,-712,6245,6245,-5288,-3317,-712,-2475
FRKTBVn6JB,-4520,-8569,-7548,-7548,-8854,-4520,-8569,-1751
FtBOoTYIRo,-8893,-104,-3189,-3189,4893,-8893,-104,-3718
G2EPzOBZtM,-1960,3869,6856,6856,-3635,-1960,3869,-5270
GRL6y41tqu,9624,-9466,-7432,-7432,-3487,9624,-9466,433
Glzi0lFFht,6243,3059,-3851,-3851,7064,6243,3059,-3304
HdzsSwUFzs,-8507,-4637,1405,1405,2222,-8507,-4637,-1886
I5GwdABXZA,-6286,5148,-3139,-3139,9060,-6286,5148,-6417
IDaHTS40tS,9931,1141,9095,9095,-4750,9931,1141,9445
IHzwXWDTPm,8882,-4311,2120,2120,1549,8882,-4311,7937
IgieKfBCcP,-6055,4419,2186,2186,-6164,-6055,4419,-6579
J2DAjS5fe1,-3020,3864,-7070,-7070,7353,-3020,3864,4224
JRbkmbyu5u,-2983,128,-1284,-1284,1058,-2983,128,2059
Jl9zpFhGfh,7494,5608,-7622,-7622,-4462,7494,5608,-6318
KoaQvfYIV2,9907,-3161,-9181,-9181,2712,9907,-3161,9768
KtYke01TVl,-1297,-1158,6626,6626,-1782,-1297,-1158,8104
LzwrQUE8kz,-4258,5228,-8373,-8373,9526,-4258,5228,-7455
M4kvJUbBgi,4685,8544,2838,2838,5594,4685,8544,1467
MKjLedPtUp,8629,-7309,-4293,-4293,-6956,8629,-7309,-7584
Mp8J5daQ8C,-2451,6768,-7538,-7538,-2502,-2451,6768,-7856
N0NkWlCjxN,-8682,-5646,-1272,-1272,-4165,-8682,-5646,-8005
Np1OvfKxei,-6769,8242,7234,7234,5260,-6769,8242,8832
NpkighYN7T,3318,4210,5792,5792,2734,3318,4210,-8416
O4CztWbjXa,1264,-6802,1506,1506,-1624,1264,-6802,9507
O6hAPSThIj,-4990,5960,8888,8888,-7634,-4990,5960,-4333
O97MaVjKfU,4828,-2997,-8986,-8986,1134,4828,-2997,9163
OelZrDKpqX,960,-2737,-5122,-5122,8974,960,-2737,-453
OkY0ZREEh0,-5153,-5879,-9265,-9265,9513,-5153,-5879,2839
P3zye6u5t6,-5674,1239,8187,8187,7690,-5674,1239,-4264
P8c7a1beWF,-5699,-3415,8164,8164,9689,-5699,-3415,-8552
PFifAW5yJB,7061,-8968,-1773,-1773,5332,7061,-8968,-7009
PKuHhAjhM8,3717,-2880,93,93,7555,3717,-2880,4247
PQ5JYSxsJI,-2376,7311,-5040,-5040,-3555,-2376,7311,-2159
PRnV47DqgL,-9246,9559,-197,-197,7878,-9246,9559,5836
PeSOttHNP3,6981,6,-4686,-4686,-5776,6981,6,-373
Po74JbuhnM,3340,8839,5209,5209,-7133,3340,8839,-1293
Q0FiVrWk9v,2874,902,-1770,-1770,-5786,2874,902,-8277
QVMUPw3Q5v,-7632,-385,-3216,-3216,-1542,-7632,-385,4553
QoShNsZo04,563,7568,-7299,-7299,-9136,563,7568,-1212
R9WMOcZpHa,-7285,-651,8279,8279,-1104,-7285,-651,2838
RayVLaqHbm,-5006,-8244,4662,4662,-4195,-5006,-8244,-3672
Rxbl93ElAP,-6820,-7760,-4492,-4492,-2424,-6820,-7760,-2629
SdXmn52Gvs,8859,6223,168,168,-6624,8859,6223,4256
Sg1n8G2vIj,3876,-1928,-3692,-3692,7696,3876,-1928,-3621
SvI15una3m,628,-961,-7425,-7425,275,628,-961,1936
TTMG4BOUHY,-7605,4708,-5142,-5142,6311,-7605,4708,5575
Tepwpoev40,-1361,-2596,-3505,-3505,493,-1361,-2596,903
UCRmPycabN,7364,-512,-430,-430,9405,7364,-512,-6902
UQFhP6bmij,-2488,-394,-6648,-6648,5558,-2488,-394,6838
UQabdU3a0N,1686,82,159,159,-205,1686,82,-4627
UVNurlgk2J,-6678,7315,6241,6241,-7312,-6678,7315,-9192
VK5wn7onf4,-8406,-6886,8767,8767,5876,-8406,-6886,7225
Vkk0hT8CAZ,3352,7892,-9515,-9515,8712,3352,7892,-7493
VxkHAvW6M0,-6090,4543,-8817,-8817,-6306,-6090,4543,-4209
WKdl2wE8i4,-7358,-4948,-5318,-5318,-935,-7358,-4948,-5352
WcdiZV6Etz,-7985,1880,-8453,-8453,-5251,-7985,1880,6870
WmLB7vjQtk,3820,1117,-6785,-6785,6108,3820,1117,7047
X0cci7uRz3,1936,-9875,2985,2985,376,1936,-9875,169
Xnj8L9mALm,6158,4606,-1718,-1718,-3442,6158,4606,-1485
Xsn4QVzYya,503,5981,-3560,-3560,-314,503,5981,-8127
Y4tQaNRFYW,-345,-9381,-1393,-1393,663,-345,-9381,-4465
YLClfXLfJP,-560,-3219,-1733,-1733,-5608,-560,-3219,-9069
YPkfvrJ0N4,6066,5623,-8696,-8696,1172,6066,5623,-9842
Yhqto5RcAD,8175,-643,-2516,-2516,349,8175,-643,9098
Z5Ucik92Nd,4164,-9706,-1210,-1210,-6503,4164,-9706,3559
ZMxn2wlHav,663,-248,-6538,-6538,2884,663,-248,7379
ZlMSGvSSVg,2689,1177,6861,6861,-237,2689,1177,9111
ZmhVVfzosf,-5926,-7519,-6809,-6809,9652,-5926,-7519,8973
ZzbTkfUMbR,-9108,-8062,1416,1416,5284,-9108,-8062,-3630
a9xfQOrOzY,-5835,-8978,-5074,-5074,-2292,-5835,-8978,-6312
aLnKoPKtVK,-8540,4873,-3895,-3895,5974,-8540,4873,7040
bBnH2SS0we,-6064,1198,-4238,-4238,-4351,-6064,1198,2279
c0oBaQSb8C,9411,268,3503,3503,5617,9411,268,-2741
cILoTwjDy7,5057,-9668,531,531,-3478,5057,-9668,-8697
cNfTtYxy0y,-3717,2630,-2401,-2401,6018,-3717,2630,6619
dWhHBz9hGK,-9895,9376,-4014,-4014,8236,-9895,9376,3054
e3ouOfZcmA,-197,-9288,7882,7882,1719,-197,-9288,6135
eAKcuBYYwe,3773,-7003,-7379,-7379,-6156,3773,-7003,-5175
eCR5Lsw3Kl,-2938,2855,-3404,-3404,-4385,-2938,2855,721
ecYrS58A9x,-246,7108,6794,6794,-5546,-246,7108,4634
f5raVkIyHM,-3880,-3707,5625,5625,8764,-3880,-3707,-2149
fG6bkhN0KU,4342,-6862,4133,4133,-5368,4342,-6862,-3433
fZzWkyk5YC,7339,1979,-509,-509,5581,7339,1979,7346
fwk7c7J23i,2242,8741,-5043,-5043,5962,2242,8741,-6743
g3y04rNxze,-7348,-714,1662,1662,-806,-7348,-714,-2539
gOOxAv3jiF,-5244,-6224,-4237,-4237,7925,-5244,-6224,8529
gW9n7hZIbK,667,-4012,1247,1247,-5466,667,-4012,4722
gY1Edpr5g7,4822,2820,3354,3354,6871,4822,2820,-7916
gb6NqrUsUj,5632,-9858,-5755,-5755,6839,5632,-9858,9196
h30BqlxCvX,5565,397,-4944,-4944,-3679,5565,397,-1505
htxZXoGhov,-1182,-9100,472,472,554,-1182,-9100,8156
i5hOnOA82L,2173,7010,-6139,-6139,-510,2173,7010,-1900
iRRvWuP9S3,919,-6925,-4002,-4002,3332,919,-6925,9360
if3f0AmBMx,1445,-8282,-2412,-2412,-2679,1445,-8282,-525
ihEHZLJEmP,728,-532,-5802,-5802,-602,728,-532,6342
jwofIaaXH2,9073,8317,-5390,-5390,-1341,9073,8317,-608
k5MGwR3yp9,-21,-5466,6721,6721,-3577,-21,-5466,-5959
kt1PsnFtob,-4962,-7552,9059,9059,-7453,-4962,-7552,-722
lHwU2zR2GR,1882,-6149,377,377,-7614,1882,-6149,4185
lKsdmezvRq,3744,6295,9514,9514,3663,3744,6295,8036
lPX7Eq2s5j,6503,-9603,1932,1932,2764,6503,-9603,3034
lbk3k5H4GA,-9425,-6148,-5358,-5358,570,-9425,-6148,2827
lrHZSWrMfg,-6178,-9800,-3930,-3930,-3787,-6178,-9800,-4264
lxUIa2pnh7,-406,5947,-5867,-5867,-3351,-406,5947,-315
mLDmhKimkP,6615,-8479,-4589,-4589,-8584,6615,-8479,-3035
n55Iz4oVng,-3345,-5141,2127,2127,-2218,-3345,-5141,6451
n8QH1P0fQT,6663,-5824,-2529,-2529,-5762,6663,-5824,7201
nHhxIzftOS,2602,-8555,-6011,-6011,3519,2602,-8555,-8090
nIuBr58wTr,-3282,-775,-3170,-3170,-850,-3282,-775,2790
nOt5uzW7ZA,8617,9065,1461,1461,-4532,8617,9065,-1597
noKiYC5Nym,-7183,4058,5929,5929,-8254,-7183,4058,922
o18fjt2R1p,1556,-1087,-2684,-2684,9923,1556,-1087,4584
odKz2zL4xG,2013,-7398,-5778,-5778,-471,2013,-7398,-1208
opcBWfjYaT,-7689,4724,-7734,-7734,65,-7689,4724,614
oqPqP4c7PU,2628,-544,-9528,-9528,6268,2628,-544,-9767
pSmKXQF0dg,9095,3863,9761,9761,-9474,9095,3863,-5887
pcjHNSM15a,-4524,9739,6187,6187,-4748,-4524,9739,96
pevFNmBsc2,-1880,-7193,5638,5638,-3157,-1880,-7193,-6177
r3XxwlsbKo,-5077,-1896,7078,7078,8865,-5077,-1896,-659
r8l4JSUJrQ,-1893,5487,9372,9372,-1140,-1893,5487,6751
rDmx5MTCHq,7500,555,8200,8200,-7828,7500,555,-9992
rPF4beGWb2,2015,3050,2931,2931,-9251,2015,3050,4175
rQ0HFTSkcy,1672,3547,-3251,-3251,-7706,1672,3547,-15
rZDzt6HnLt,309,9938,-5225,-5225,7195,309,9938,7674
rZrXSsgkOB,1013,-9372,-3492,-3492,-342,1013,-9372,-7448
seJW7CUOGo,-9997,-4149,2209,2209,9112,-9997,-4149,311
sxFlQnskHb,219,-5168,5278,5278,-9751,219,-5168,4801
tpQn5ZVo3X,2754,-9245,-1261,-1261,6659,2754,-9245,1276
trdHhz8Fxs,-3358,-7149,5457,5457,-4903,-3358,-7149,4415
uAfWP6wNaR,-1969,-2748,-9782,-9782,-2210,-1969,-2748,-2137
uDIJVlNoQf,-8497,-2929,-5058,-5058,1048,-8497,-2929,411
uDhywGGR0G,7944,260,6705,6705,-8805,7944,260,-6394
v6CAqTiHHn,-4994,7605,9516,9516,7609,-4994,7605,-5186
v7LdiGl0fO,-2034,7599,-723,-723,6230,-2034,7599,-6208
x34RVN2wvR,-768,4152,8460,8460,-3450,-768,4152,-1109
xNCeuTza8L,2725,2325,1973,1973,-755,2725,2325,-5410
y0ppmAU2uu,-4538,-6038,7690,7690,-3645,-4538,-6038,7996
y7Wrin99nP,-9938,5681,3939,3939,-3861,-9938,5681,-2548
ylsg0easmT,5708,9313,2153,2153,-4885,5708,9313,1687
yvvvsVNBzZ,-1490,7830,3251,3251,-3509,-1490,7830,2151
zAAJKzV7Ez,-1031,964,-1867,-1867,7763,-1031,964,9062
zKsyzhr39N,3774,-6981,6439,6439,173,3774,-6981,-1549
zPMAiurLDf,9831,8378,1755,1755,-6199,9831,8378,2498
